{
  "accuracy": 0.6702355460385439,
  "gt_fraction_actual": 0.05006364022061943,
  "gt_fraction_requested": 0.05,
  "gt_seed": 2
}