{
  "accuracy": 0.6105842765371673,
  "gt_fraction_actual": 0.09991514637250742,
  "gt_fraction_requested": 0.1,
  "gt_seed": 2,
  "mixing_strategy": "random_labels"
}