{
  "accuracy": 0.624655858060569,
  "gt_fraction_actual": 0.24989393296563428,
  "gt_fraction_requested": 0.25,
  "gt_seed": 1,
  "mixing_strategy": "random_labels"
}