{
  "accuracy": 0.6411746711532579,
  "gt_fraction_actual": 0.09991514637250742,
  "gt_fraction_requested": 0.1,
  "gt_seed": 0,
  "mixing_strategy": "oracle"
}