{
  "accuracy": 0.6794126644233711,
  "gt_fraction_actual": 0.24989393296563428,
  "gt_fraction_requested": 0.25,
  "gt_seed": 2,
  "mixing_strategy": "oracle"
}