{
  "accuracy": 0.6225145304374426,
  "gt_fraction_actual": 0.09991514637250742,
  "gt_fraction_requested": 0.1,
  "gt_seed": 1
}