{
  "accuracy": 0.6206791067604772,
  "gt_fraction_actual": 0.09991514637250742,
  "gt_fraction_requested": 0.1,
  "gt_seed": 1,
  "mixing_strategy": "random_labels"
}