{
  "accuracy": 0.5977363107984093,
  "gt_fraction_actual": 0.09991514637250742,
  "gt_fraction_requested": 0.1,
  "gt_seed": 2,
  "mixing_strategy": "random_labels"
}