{
  "accuracy": 0.6693178342000612,
  "gt_fraction_actual": 0.05006364022061943,
  "gt_fraction_requested": 0.05,
  "gt_seed": 0
}