{
  "accuracy": 0.7054144998470481,
  "gt_fraction_actual": 0.24989393296563428,
  "gt_fraction_requested": 0.25,
  "gt_seed": 0,
  "mixing_strategy": "oracle"
}