{
  "accuracy": 0.650657693484246,
  "gt_fraction_actual": 0.09991514637250742,
  "gt_fraction_requested": 0.1,
  "gt_seed": 2,
  "mixing_strategy": "oracle"
}