{
  "accuracy": 0.5726521872132151,
  "gt_fraction_actual": 0.24989393296563428,
  "gt_fraction_requested": 0.25,
  "gt_seed": 1
}