{
  "accuracy": 0.68920159070052,
  "gt_fraction_actual": 0.009970301230377598,
  "gt_fraction_requested": 0.01,
  "gt_seed": 2
}