{
  "accuracy": 0.5937595594983175,
  "gt_fraction_actual": 0.09991514637250742,
  "gt_fraction_requested": 0.1,
  "gt_seed": 1
}