{
  "accuracy": 0.724686448455185,
  "gt_fraction_actual": 0.24989393296563428,
  "gt_fraction_requested": 0.25,
  "gt_seed": 0
}