{
  "accuracy": 0.6457632303456715,
  "gt_fraction_actual": 0.009970301230377598,
  "gt_fraction_requested": 0.01,
  "gt_seed": 0
}