{
  "accuracy": 0.6099724686448456,
  "gt_fraction_actual": 0.09991514637250742,
  "gt_fraction_requested": 0.1,
  "gt_seed": 2
}